{
  "height": 50,
  "duration": 123.646,
  "width": 189,
  "stdout": [
    [
      0.227779,
      "\u001b]0;pi@pi_home: ~\u0007\u001b[01;32mpi@pi_home\u001b[00m:\u001b[01;34m~ $\u001b[00m "
    ],
    [
      3.289923,
      "d"
    ],
    [
      0.045636,
      "o"
    ],
    [
      0.126031,
      "c"
    ],
    [
      0.091356,
      "k"
    ],
    [
      0.103876,
      "e"
    ],
    [
      0.054503,
      "r"
    ],
    [
      0.921448,
      " "
    ],
    [
      0.14273,
      "p"
    ],
    [
      0.132496,
      "s"
    ],
    [
      0.164924,
      " "
    ],
    [
      0.735193,
      "|"
    ],
    [
      0.378845,
      " "
    ],
    [
      0.197999,
      "g"
    ],
    [
      0.168758,
      "r"
    ],
    [
      0.079253,
      "e"
    ],
    [
      0.095163,
      "p"
    ],
    [
      0.642106,
      " "
    ],
    [
      0.303565,
      "m"
    ],
    [
      0.237968,
      "o"
    ],
    [
      0.104089,
      "s"
    ],
    [
      0.496653,
      "q"
    ],
    [
      0.028858,
      "w"
    ],
    [
      0.539829,
      "\b\u001b[K"
    ],
    [
      0.280006,
      "u"
    ],
    [
      0.049014,
      "i"
    ],
    [
      0.094208,
      "t"
    ],
    [
      0.136836,
      "t"
    ],
    [
      0.135496,
      "o"
    ],
    [
      0.466821,
      "\r\n"
    ],
    [
      0.337412,
      "07ce2ce3ac63        eclipse-\u001b[01;31m\u001b[Kmosquitto\u001b[m\u001b[K                          \"/docker-entrypoint.…\"   9 days ago          Up 6 days             0.0.0.0:1883->1883/tcp, 0.0.0.0:9001->9001/tcp                                             \u001b[01;31m\u001b[Kmosquitto\u001b[m\u001b[K\r\n"
    ],
    [
      0.013752,
      "\u001b]0;pi@pi_home: ~\u0007\u001b[01;32mpi@pi_home\u001b[00m:\u001b[01;34m~ $\u001b[00m "
    ],
    [
      4.581076,
      "m"
    ],
    [
      0.2159,
      "o"
    ],
    [
      0.152631,
      "s"
    ],
    [
      0.271457,
      "q"
    ],
    [
      0.145333,
      "u"
    ],
    [
      0.038501,
      "i"
    ],
    [
      0.080599,
      "t"
    ],
    [
      0.143633,
      "t"
    ],
    [
      0.079935,
      "o"
    ],
    [
      0.377951,
      "_"
    ],
    [
      0.174206,
      "s"
    ],
    [
      0.080776,
      "u"
    ],
    [
      0.144199,
      "b"
    ],
    [
      1.63947,
      " "
    ],
    [
      0.24045,
      "-"
    ],
    [
      0.27211,
      "t"
    ],
    [
      0.815124,
      " "
    ],
    [
      0.929526,
      "\"#"
    ],
    [
      0.345612,
      "\""
    ],
    [
      0.889792,
      " "
    ],
    [
      0.742316,
      "-"
    ],
    [
      0.092725,
      "v"
    ],
    [
      0.970543,
      "\r\n"
    ],
    [
      0.03999,
      "house/gardenroom/tele/LWT Online\r\nhouse/laundry/tele/LWT Online\r\nhouse/study/tele/LWT Online\r\nadmin/nodered active\r\n"
    ],
    [
      0.000529,
      "homeassistant/sensor/C49BD9_BH1750_Illuminance/config {\"name\":\"Garden room BH1750 Illuminance\",\"stat_t\":\"~SENSOR\",\"avty_t\":\"~LWT\",\"pl_avail\":\"Online\",\"pl_not_avail\":\"Offline\",\"unit_of_meas\":\" \",\"val_tpl\":\"{{value_json['BH1750'].Illuminance}}\",\"uniq_id\":\"C49BD9_BH1750_Illuminance\",\"device\":{\"identifiers\":[\"C49BD9\"],\"name\":\"Garden room\",\"model\":\"Generic\",\"sw_version\":\"6.4.1(sonoff)\",\"manufacturer\":\"Tasmota\"}, \"~\":\"house/gardenroom/tele/\"}\r\nhomeassistant/sensor/C49BD9_SHT3X-0x45_Temperature/config {\"name\":\"Garden room SHT3X-0x45 Temperatu\",\"stat_t\":\"~SENSOR\",\"avty_t\":\"~LWT\",\"pl_avail\":\"Online\",\"pl_not_avail\":\"Offline\",\"unit_of_meas\":\"°C\",\"val_tpl\":\"{{value_json['SHT3X-0x45'].Temperature}}\",\"uniq_id\":\"C49BD9_SHT3X-0x45_Temperature\",\"device\":{\"identifiers\":[\"C49BD9\"],\"name\":\"Garden room\",\"model\":\"Generic\",\"sw_version\":\"6.4.1(sonoff)\",\"manufacturer\":\"Tasmota\"}, \"~\":\"house/gardenroom/tele/\"}\r\nhomeassistant/sensor/C49BD9_SHT3X-0x45_Humidity/config {\"name\":\"Garden room SHT3X-0x45 Humidity\",\"stat_t\":\"~SENSOR\",\"avty_t\""
    ],
    [
      0.000332,
      ":\"~LWT\",\"pl_avail\":\"Online\",\"pl_not_avail\":\"Offline\",\"unit_of_meas\":\"%\",\"val_tpl\":\"{{value_json['SHT3X-0x45'].Humidity}}\",\"dev_cla\":\"humidity\",\"uniq_id\":\"C49BD9_SHT3X-0x45_Humidity\",\"device\":{\"identifiers\":[\"C49BD9\"],\"name\":\"Garden room\",\"model\":\"Generic\",\"sw_version\":\"6.4.1(sonoff)\",\"manufacturer\":\"Tasmota\"}, \"~\":\"house/gardenroom/tele/\"}\r\n"
    ],
    [
      0.902704,
      "house/study/tele/STATE {\"Time\":\"2019-04-23T16:30:36\",\"Uptime\":\"0T00:01:44\",\"Vcc\":3.020,\"SleepMode\":\"Dynamic\",\"Sleep\":50,\"LoadAvg\":19,\"Wifi\":{\"AP\":1,\"SSId\":\"Network not found\",\"BSSId\":\"BC:30:D9:06:42:1B\",\"Channel\":9,\"RSSI\":86}}\r\n"
    ],
    [
      0.050437,
      "house/study/tele/SENSOR {\"Time\":\"2019-04-23T16:30:36\",\"BH1750\":{\"Illuminance\":1310},\"SHT3X-0x45\":{\"Temperature\":31.7,\"Humidity\":31.0},\"TempUnit\":\"C\"}\r\n"
    ],
    [
      0.474015,
      "house/gardenroom/tele/STATE {\"Time\":\"2019-04-23T16:30:35\",\"Uptime\":\"0T00:18:35\",\"Vcc\":3.000,\"SleepMode\":\"Dynamic\",\"Sleep\":50,\"LoadAvg\":19,\"Wifi\":{\"AP\":1,\"SSId\":\"Network not found\",\"BSSId\":\"BC:30:D9:0E:42:E1\",\"Channel\":5,\"RSSI\":64}}\r\n"
    ],
    [
      0.058071,
      "house/gardenroom/tele/SENSOR {\"Time\":\"2019-04-23T16:30:35\",\"BH1750\":{\"Illuminance\":116},\"SHT3X-0x45\":{\"Temperature\":30.2,\"Humidity\":31.3},\"TempUnit\":\"C\"}\r\n"
    ],
    [
      5.536335,
      "house/laundry/tele/STATE {\"Time\":\"2019-04-23T16:30:42\",\"Uptime\":\"7T19:44:54\",\"Vcc\":3.026,\"SleepMode\":\"Dynamic\",\"Sleep\":50,\"LoadAvg\":19,\"Wifi\":{\"AP\":1,\"SSId\":\"Network not found\",\"BSSId\":\"BC:30:D9:06:42:1B\",\"Channel\":9,\"RSSI\":86}}\r\n"
    ],
    [
      0.053457,
      "house/laundry/tele/SENSOR {\"Time\":\"2019-04-23T16:30:42\",\"SHT3X-0x45\":{\"Temperature\":26.1,\"Humidity\":36.2},\"TempUnit\":\"C\"}\r\n"
    ],
    [
      3.823592,
      "house/study/tele/STATE {\"Time\":\"2019-04-23T16:30:46\",\"Uptime\":\"0T00:01:54\",\"Vcc\":3.020,\"SleepMode\":\"Dynamic\",\"Sleep\":50,\"LoadAvg\":19,\"Wifi\":{\"AP\":1,\"SSId\":\"Network not found\",\"BSSId\":\"BC:30:D9:06:42:1B\",\"Channel\":9,\"RSSI\":82}}\r\n"
    ],
    [
      0.044943,
      "house/study/tele/SENSOR {\"Time\":\"2019-04-23T16:30:46\",\"BH1750\":{\"Illuminance\":1307},\"SHT3X-0x45\":{\"Temperature\":31.7,\"Humidity\":31.1},\"TempUnit\":\"C\"}\r\n"
    ],
    [
      0.479882,
      "house/gardenroom/tele/STATE {\"Time\":\"2019-04-23T16:30:45\",\"Uptime\":\"0T00:18:45\",\"Vcc\":2.984,\"SleepMode\":\"Dynamic\",\"Sleep\":50,\"LoadAvg\":19,\"Wifi\":{\"AP\":1,\"SSId\":\"Network not found\",\"BSSId\":\"BC:30:D9:0E:42:E1\",\"Channel\":5,\"RSSI\":64}}\r\n"
    ],
    [
      0.050303,
      "house/gardenroom/tele/SENSOR {\"Time\":\"2019-04-23T16:30:45\",\"BH1750\":{\"Illuminance\":116},\"SHT3X-0x45\":{\"Temperature\":30.3,\"Humidity\":31.3},\"TempUnit\":\"C\"}\r\n"
    ],
    [
      1.491439,
      "^C"
    ],
    [
      0.003262,
      "\r\n"
    ],
    [
      0.001388,
      "\u001b]0;pi@pi_home: ~\u0007\u001b[01;32mpi@pi_home\u001b[00m:\u001b[01;34m~ $\u001b[00m "
    ],
    [
      1.594782,
      "mosquitto_sub -t \"#\" -v"
    ],
    [
      0.471942,
      "\b"
    ],
    [
      0.160312,
      "\b"
    ],
    [
      0.1527,
      "\b"
    ],
    [
      0.126778,
      "\b"
    ],
    [
      0.697405,
      "\b"
    ],
    [
      0.710728,
      "\u001b[1@h"
    ],
    [
      0.155207,
      "\u001b[1@o"
    ],
    [
      0.040849,
      "\u001b[1@u"
    ],
    [
      0.103887,
      "\u001b[1@s"
    ],
    [
      0.115751,
      "\u001b[1@e"
    ],
    [
      0.245734,
      "\u001b[1@/"
    ],
    [
      2.456804,
      "\u001b[1@s"
    ],
    [
      0.198167,
      "\u001b[1@u"
    ],
    [
      0.137308,
      "\u001b[1@t"
    ],
    [
      0.399958,
      "\b\u001b[1P"
    ],
    [
